{"count":1,"self":10471.5771904,"total":12868.4043012,"children":{"InitializeActuators":{"count":1,"self":0.001994,"total":0.001994,"children":null},"InitializeSensors":{"count":1,"self":0.0039889999999999995,"total":0.0039889999999999995,"children":null},"AgentSendState":{"count":1285513,"self":54.6587904,"total":119.9723296,"children":{"CollectObservations":{"count":214662,"self":2.8914476,"total":2.8914475,"children":null},"WriteActionMask":{"count":214662,"self":1.948435,"total":1.948435,"children":null},"RequestDecision":{"count":214662,"self":8.4564568,"total":60.4736577,"children":{"AgentInfo.ToProto":{"count":214662,"self":8.0800416,"total":52.0172011,"children":{"GenerateSensorData":{"count":214662,"self":34.3329856,"total":43.937159199999996,"children":{"RayPerceptionSensor.Perceive":{"count":429324,"self":9.6041727999999988,"total":9.6041732,"children":null}}}}}}}}},"DecideAction":{"count":1285513,"self":2245.3456896,"total":2245.3456671999998,"children":null},"AgentAct":{"count":1285513,"self":31.346220799999998,"total":31.361009,"children":{"AgentInfo.ToProto":{"count":62,"self":0.0018704,"total":0.0147873,"children":{"GenerateSensorData":{"count":62,"self":0.012215799999999999,"total":0.0129169,"children":{"RayPerceptionSensor.Perceive":{"count":124,"self":0.0007011,"total":0.0007011,"children":null}}}}}}},"AgentInfo.ToProto":{"count":788,"self":0.0191722,"total":0.13933289999999998,"children":{"GenerateSensorData":{"count":788,"self":0.1022143,"total":0.1201607,"children":{"RayPerceptionSensor.Perceive":{"count":1576,"self":0.017946399999999998,"total":0.017946399999999998,"children":null}}}}}},"gauges":{"Mac.CumulativeReward":{"count":850,"max":0.9975,"min":-1.00015354,"runningAverage":0.198151484,"value":-0.009199992,"weightedAverage":0.05598717}},"metadata":{"timer_format_version":"0.1.0","start_time_seconds":"1663405316","unity_version":"2021.3.8f1","command_line_arguments":"C:\\Users\\Johanna\\PycharmProjects\\DRL\\DRL-MultiAgent\\.\/python\/builds\/Newest\\DRL-Unity.exe --mlagents-port 5005 -logFile .\/logs\\Player-0.log","communication_protocol_version":"1.5.0","com.unity.ml-agents_version":"2.0.1","scene_name":"MAC-Basic-1Area","end_time_seconds":"1663418184"}}