{"count":1,"self":7736.516608,"total":21003.092639899998,"children":{"InitializeActuators":{"count":1,"self":0.0040193,"total":0.0040193,"children":null},"InitializeSensors":{"count":1,"self":0.007966899999999999,"total":0.007966899999999999,"children":null},"AgentSendState":{"count":2100126,"self":50.6472704,"total":106.31839629999999,"children":{"CollectObservations":{"count":350132,"self":1.86736,"total":1.8673601,"children":null},"WriteActionMask":{"count":350132,"self":1.8812077999999999,"total":1.8812077999999999,"children":null},"RequestDecision":{"count":350132,"self":3.9505904,"total":51.9225594,"children":{"AgentInfo.ToProto":{"count":350132,"self":6.9137471999999995,"total":47.9719692,"children":{"GenerateSensorData":{"count":350132,"self":35.0821152,"total":41.0582218,"children":{"RayPerceptionSensor.Perceive":{"count":700264,"self":5.976108,"total":5.9761077999999994,"children":null}}}}}}}}},"DecideAction":{"count":2100126,"self":13137.359667199999,"total":13137.359837599999,"children":null},"AgentAct":{"count":2100126,"self":22.8507344,"total":22.8525738,"children":{"AgentInfo.ToProto":{"count":13,"self":0.00099899999999999989,"total":0.0018391,"children":{"GenerateSensorData":{"count":13,"self":0.0008401,"total":0.0008401,"children":{"RayPerceptionSensor.Perceive":{"count":26,"self":0,"total":0,"children":null}}}}}}},"AgentInfo.ToProto":{"count":241,"self":0.0030448,"total":0.027474,"children":{"GenerateSensorData":{"count":241,"self":0.020402299999999998,"total":0.024429199999999998,"children":{"RayPerceptionSensor.Perceive":{"count":482,"self":0.0040269,"total":0.0040269,"children":null}}}}}},"gauges":{"Mac.CumulativeReward":{"count":254,"max":0.999,"min":-1.0006423,"runningAverage":0.228514373,"value":-0.3688139,"weightedAverage":0.202934474}},"metadata":{"timer_format_version":"0.1.0","start_time_seconds":"1662882274","unity_version":"2021.3.8f1","command_line_arguments":"C:\\Users\\sophiehaas\\Git\\DRL-MultiAgent\\python\\.\/builds\/Build2022_1\\DRL-Unity.exe --mlagents-port 5005 -logFile .\/logs\\Player-0.log","communication_protocol_version":"1.5.0","com.unity.ml-agents_version":"2.0.1","scene_name":"MAC","end_time_seconds":"1662903276"}}