{"count":1,"self":1349.4265856,"total":2230.9223453,"children":{"InitializeActuators":{"count":1,"self":0.0019944999999999997,"total":0.0019944999999999997,"children":null},"InitializeSensors":{"count":1,"self":0.0039892999999999994,"total":0.0039892999999999994,"children":null},"AgentSendState":{"count":1048170,"self":10.6339392,"total":20.1631261,"children":{"CollectObservations":{"count":174996,"self":0.2121634,"total":0.2121634,"children":null},"WriteActionMask":{"count":174996,"self":0.2064469,"total":0.2064469,"children":null},"RequestDecision":{"count":174996,"self":0.5299321,"total":9.1105761999999988,"children":{"AgentInfo.ToProto":{"count":174996,"self":1.0514736999999998,"total":8.5806440999999989,"children":{"GenerateSensorData":{"count":174996,"self":6.8031327999999993,"total":7.5291704,"children":{"RayPerceptionSensor.Perceive":{"count":349992,"self":0.7260376,"total":0.7260376,"children":null}}}}}}}}},"DecideAction":{"count":1048170,"self":856.6775296,"total":856.6775117,"children":null},"AgentAct":{"count":1048170,"self":4.6170475999999994,"total":4.6207825,"children":{"AgentInfo.ToProto":{"count":77,"self":0.0005475,"total":0.0037348,"children":{"GenerateSensorData":{"count":77,"self":0.0031872999999999997,"total":0.0031872999999999997,"children":{"RayPerceptionSensor.Perceive":{"count":154,"self":0,"total":0,"children":null}}}}}}},"AgentInfo.ToProto":{"count":546,"self":0.0040184999999999995,"total":0.0253498,"children":{"GenerateSensorData":{"count":546,"self":0.021331299999999997,"total":0.021331299999999997,"children":{"RayPerceptionSensor.Perceive":{"count":1092,"self":0,"total":0,"children":null}}}}}},"gauges":{"Mac.CumulativeReward":{"count":623,"max":0.9972,"min":-1.00015354,"runningAverage":0.266043216,"value":-0.00249999971,"weightedAverage":0.313401043}},"metadata":{"timer_format_version":"0.1.0","start_time_seconds":"1663502563","unity_version":"2021.3.8f1","command_line_arguments":"C:\\Users\\Johanna\\PycharmProjects\\DRL\\DRL-MultiAgent\\.\/builds\/PushBlock_SingleAgent\\DRL-Unity.exe --mlagents-port 5005 -logFile .\/logs\\Player-0.log","communication_protocol_version":"1.5.0","com.unity.ml-agents_version":"2.0.1","scene_name":"MAC-Basic-1Area","end_time_seconds":"1663504794"}}